<?xml version="1.0" encoding="UTF-8"?>
<project-private xmlns="http://www.netbeans.org/ns/project-private/1">
    <editor-bookmarks xmlns="http://www.netbeans.org/ns/editor-bookmarks/2" lastBookmarkId="0"/>
    <open-files xmlns="http://www.netbeans.org/ns/projectui-open-files/2">
        <group>
            <file>file:/Users/admin/Documents/bcc/servlet_and_jsp/netbeans/ex_starts/productMain2/web/styles/main.css</file>
            <file>file:/Users/admin/Documents/bcc/servlet_and_jsp/netbeans/ex_starts/productMain2/src/java/murach/cart/ProductsServlet.java</file>
            <file>file:/Users/admin/Documents/bcc/servlet_and_jsp/netbeans/ex_starts/productMain2/web/WEB-INF/products.txt</file>
            <file>file:/Users/admin/Documents/bcc/servlet_and_jsp/netbeans/ex_starts/productMain2/web/addProduct.jsp</file>
            <file>file:/Users/admin/Documents/bcc/servlet_and_jsp/netbeans/ex_starts/productMain2/src/java/murach/cart/CartServlet.java</file>
            <file>file:/Users/admin/Documents/bcc/servlet_and_jsp/netbeans/ex_starts/productMain2/web/cart.jsp</file>
            <file>file:/Users/admin/Documents/bcc/servlet_and_jsp/netbeans/ex_starts/productMain2/web/META-INF/context.xml</file>
            <file>file:/Users/admin/Documents/bcc/servlet_and_jsp/netbeans/ex_starts/productMain2/web/WEB-INF/web.xml</file>
            <file>file:/Users/admin/Documents/bcc/servlet_and_jsp/netbeans/ex_starts/productMain2/web/editProduct.jsp</file>
        </group>
    </open-files>
</project-private>
