<?xml version="1.0" encoding="UTF-8"?>
<project-private xmlns="http://www.netbeans.org/ns/project-private/1">
    <editor-bookmarks xmlns="http://www.netbeans.org/ns/editor-bookmarks/2" lastBookmarkId="0"/>
    <open-files xmlns="http://www.netbeans.org/ns/projectui-open-files/2">
        <group>
            <file>file:/Users/admin/Documents/bcc/servlet_and_jsp/netbeans/book_apps/productMain6/web/admin/editPage.jsp</file>
            <file>file:/Users/admin/Documents/bcc/servlet_and_jsp/netbeans/book_apps/productMain6/web/admin/index.jsp</file>
            <file>file:/Users/admin/Documents/bcc/servlet_and_jsp/netbeans/book_apps/productMain6/web/admin/cart.jsp</file>
            <file>file:/Users/admin/Documents/bcc/servlet_and_jsp/netbeans/book_apps/productMain6/web/admin/addPage.jsp</file>
            <file>file:/Users/admin/Documents/bcc/servlet_and_jsp/netbeans/book_apps/productMain6/src/java/music/controllers/ProductController.java</file>
            <file>file:/Users/admin/Documents/bcc/servlet_and_jsp/netbeans/book_apps/productMain6/web/WEB-INF/web.xml</file>
        </group>
    </open-files>
</project-private>
