<?xml version="1.0" encoding="UTF-8"?>
<project-private xmlns="http://www.netbeans.org/ns/project-private/1">
    <editor-bookmarks xmlns="http://www.netbeans.org/ns/editor-bookmarks/2" lastBookmarkId="0"/>
    <open-files xmlns="http://www.netbeans.org/ns/projectui-open-files/2">
        <group>
            <file>file:/Users/admin/Documents/bcc/servlet_and_jsp/mhamilton_jsp_classwork/productMain4.1/src/java/music/controllers/UserController.java</file>
            <file>file:/Users/admin/Documents/bcc/servlet_and_jsp/mhamilton_jsp_classwork/productMain4.1/web/cart/editPage.jsp</file>
            <file>file:/Users/admin/Documents/bcc/servlet_and_jsp/mhamilton_jsp_classwork/productMain4.1/web/cart/addPage.jsp</file>
            <file>file:/Users/admin/Documents/bcc/servlet_and_jsp/mhamilton_jsp_classwork/productMain4.1/src/java/music/business/Product.java</file>
            <file>file:/Users/admin/Documents/bcc/servlet_and_jsp/mhamilton_jsp_classwork/productMain4.1/src/java/music/business/Cart.java</file>
            <file>file:/Users/admin/Documents/bcc/servlet_and_jsp/mhamilton_jsp_classwork/productMain4.1/src/java/music/data/ProductDB.java</file>
            <file>file:/Users/admin/Documents/bcc/servlet_and_jsp/mhamilton_jsp_classwork/productMain4.1/src/conf/persistence.xml</file>
            <file>file:/Users/admin/Documents/bcc/servlet_and_jsp/mhamilton_jsp_classwork/productMain4.1/src/java/music/data/UserDB.java</file>
            <file>file:/Users/admin/Documents/bcc/servlet_and_jsp/mhamilton_jsp_classwork/productMain4.1/web/WEB-INF/web.xml</file>
            <file>file:/Users/admin/Documents/bcc/servlet_and_jsp/mhamilton_jsp_classwork/productMain4.1/web/index.jsp</file>
            <file>file:/Users/admin/Documents/bcc/servlet_and_jsp/mhamilton_jsp_classwork/productMain4.1/src/java/music/controllers/OrderController.java</file>
            <file>file:/Users/admin/Documents/bcc/servlet_and_jsp/mhamilton_jsp_classwork/productMain4.1/web/cart/cart.jsp</file>
        </group>
    </open-files>
</project-private>
